{"ratio": [["THEME,MODULE", 1.0]], "shift": [["PROGRESSION,APPRENANT", 0], ["PROGRESSION,MODULE", 0], ["INFO_UTILE,APPRENANT", 0], ["INFO_UTILE,MODULE", 0], ["THEME,MODULE", 0]], "colors": [["annotation_color", "#762a83"], ["annotation_text_color", "#f7f7f7"], ["association_attribute_text_color", "#000000"], ["association_cartouche_color", "#c2a5cf"], ["association_cartouche_text_color", "#000000"], ["association_color", "#e7d4e8"], ["association_stroke_color", "#9970ab"], ["background_color", "#f7f7f7"], ["card_text_color", "#1b7837"], ["entity_attribute_text_color", "#000000"], ["entity_cartouche_color", "#a6dba0"], ["entity_cartouche_text_color", "#000000"], ["entity_color", "#d9f0d3"], ["entity_stroke_color", "#5aae61"], ["leg_stroke_color", "#9970ab"], ["transparent_color", "none"]], "cy": [["APPRENANT", 51], ["PROGRESSION", 143], ["INFO_UTILE", 143], ["MODULE", 227], ["THEME", 320]], "cx": [["APPRENANT", 147], ["PROGRESSION", 62], ["INFO_UTILE", 224], ["MODULE", 147], ["THEME", 147]], "size": [278, 363]}